ID,FPS,LoopType (0: Single. 1: Loop)
hoeleft,10,1

TEXTURE ID,LEFT,TOP,WIDTH,HEIGHT,FLIPX(0:Fale. 1:True)
graphics/tools.png,32.399487,25.525831,17.499996,24.249998,0
graphics/tools.png,32.399487,25.525831,17.499996,24.109369,0
graphics/tools.png,32.399487,25.385204,18.062500,24.249996,0
graphics/tools.png,32.399487,25.244579,18.343742,24.531250,0
